index,1 - Primary Education,2 - PMR / PT3,3 - SPM / O Level / SKM,4 - STPM / A Level,5 - Diploma / DVM,6 - Bachelor's,7 - Master's,8 - Doctoral (PhD),total
Service,110.0,231.0,1406.0,90.0,878.0,720.0,15.0,18.0,3468.0
Product,114.0,220.0,1417.0,64.0,928.0,660.0,14.0,9.0,3426.0
Management,108.0,240.0,1326.0,76.0,846.0,652.0,11.0,9.0,3268.0
Sales,87.0,162.0,1070.0,61.0,664.0,538.0,14.0,4.0,2600.0
Operations,100.0,192.0,1019.0,55.0,653.0,508.0,8.0,9.0,2544.0
Support,91.0,174.0,1025.0,65.0,632.0,525.0,13.0,5.0,2530.0
Business,104.0,167.0,991.0,62.0,622.0,524.0,9.0,5.0,2484.0
Communication,91.0,173.0,951.0,53.0,638.0,530.0,6.0,9.0,2451.0
Production,85.0,148.0,789.0,40.0,488.0,368.0,9.0,8.0,1935.0
English,69.0,138.0,747.0,45.0,508.0,407.0,10.0,8.0,1932.0
Data,61.0,111.0,792.0,53.0,462.0,409.0,10.0,3.0,1901.0
Process,61.0,127.0,802.0,51.0,438.0,404.0,9.0,2.0,1894.0
Development,60.0,124.0,778.0,41.0,466.0,384.0,10.0,4.0,1867.0
Marketing,60.0,115.0,719.0,35.0,429.0,369.0,8.0,3.0,1738.0
Design,51.0,116.0,714.0,42.0,435.0,368.0,6.0,2.0,1734.0
Engineering,64.0,130.0,668.0,37.0,378.0,327.0,7.0,3.0,1614.0
Training,39.0,88.0,588.0,45.0,341.0,287.0,10.0,2.0,1400.0
Food,37.0,95.0,549.0,32.0,367.0,282.0,9.0,3.0,1374.0
Executive,55.0,93.0,582.0,26.0,350.0,256.0,3.0,1.0,1366.0
Make,51.0,61.0,496.0,37.0,330.0,236.0,5.0,3.0,1219.0
Planning,44.0,96.0,483.0,20.0,295.0,226.0,7.0,1.0,1172.0
Application,28.0,65.0,479.0,25.0,259.0,212.0,6.0,3.0,1077.0
Market,34.0,74.0,443.0,14.0,267.0,204.0,3.0,5.0,1044.0
Documentation,39.0,68.0,409.0,25.0,250.0,215.0,6.0,3.0,1015.0
Language,30.0,77.0,369.0,21.0,254.0,194.0,7.0,4.0,956.0
Media,35.0,54.0,388.0,28.0,239.0,197.0,5.0,5.0,951.0
BASIC,23.0,51.0,390.0,17.0,253.0,203.0,1.0,5.0,943.0
Analysis,26.0,52.0,400.0,19.0,234.0,203.0,6.0,,940.0
Manufacturing,28.0,66.0,359.0,22.0,248.0,185.0,6.0,,914.0
Reporting,32.0,60.0,319.0,31.0,208.0,212.0,1.0,1.0,864.0
Goods,26.0,43.0,351.0,15.0,213.0,190.0,4.0,5.0,847.0
Research,20.0,53.0,335.0,11.0,235.0,179.0,4.0,7.0,844.0
Accounting,29.0,53.0,359.0,15.0,200.0,175.0,3.0,3.0,837.0
Function,34.0,54.0,350.0,18.0,212.0,158.0,,2.0,828.0
Administration,25.0,62.0,318.0,21.0,206.0,158.0,5.0,1.0,796.0
Set,30.0,49.0,341.0,15.0,208.0,141.0,1.0,4.0,789.0
Customer Service,24.0,47.0,325.0,23.0,207.0,154.0,4.0,2.0,786.0
Email,27.0,50.0,293.0,12.0,206.0,150.0,4.0,4.0,746.0
Security,17.0,49.0,294.0,26.0,178.0,172.0,2.0,3.0,741.0
Repair,35.0,55.0,284.0,16.0,174.0,153.0,4.0,,721.0
Testing,30.0,40.0,290.0,10.0,191.0,141.0,6.0,1.0,709.0
Construction,27.0,49.0,269.0,16.0,156.0,139.0,2.0,3.0,661.0
Analytical,22.0,43.0,255.0,17.0,161.0,151.0,1.0,3.0,653.0
Microsoft,28.0,42.0,262.0,12.0,157.0,148.0,2.0,1.0,652.0
Implementation,18.0,48.0,263.0,14.0,172.0,133.0,1.0,2.0,651.0
Social Media,25.0,39.0,273.0,10.0,146.0,132.0,2.0,5.0,632.0
Budget,26.0,35.0,231.0,11.0,163.0,157.0,1.0,3.0,627.0
Presentation,15.0,36.0,265.0,14.0,162.0,132.0,1.0,1.0,626.0
Finance,22.0,32.0,249.0,18.0,134.0,139.0,,2.0,596.0
Processing,15.0,41.0,246.0,13.0,154.0,112.0,2.0,,583.0
Audit,23.0,30.0,224.0,14.0,142.0,134.0,2.0,,569.0
Database,20.0,28.0,243.0,19.0,135.0,118.0,1.0,3.0,567.0
Platform,19.0,41.0,229.0,12.0,134.0,129.0,3.0,,567.0
Video,18.0,35.0,190.0,22.0,117.0,107.0,1.0,1.0,491.0
D,13.0,31.0,194.0,6.0,127.0,89.0,3.0,2.0,465.0
Writing,28.0,41.0,186.0,8.0,101.0,93.0,2.0,3.0,462.0
Computer Science,16.0,27.0,195.0,10.0,119.0,90.0,,1.0,458.0
Education,15.0,27.0,199.0,6.0,101.0,102.0,4.0,3.0,457.0
Network,13.0,29.0,182.0,8.0,112.0,90.0,1.0,3.0,438.0
Electronics,9.0,27.0,172.0,10.0,114.0,98.0,,1.0,431.0
Graphics,20.0,22.0,167.0,17.0,99.0,102.0,1.0,1.0,429.0
Coordination,11.0,26.0,179.0,5.0,110.0,92.0,3.0,1.0,427.0
Machinery,13.0,40.0,176.0,12.0,93.0,90.0,1.0,2.0,427.0
Price,17.0,31.0,173.0,6.0,108.0,86.0,4.0,1.0,426.0
Leadership,15.0,30.0,182.0,7.0,114.0,76.0,1.0,1.0,426.0
Commercial,14.0,20.0,166.0,13.0,78.0,107.0,2.0,,400.0
B,15.0,33.0,164.0,5.0,106.0,74.0,1.0,1.0,399.0
Tax,16.0,16.0,145.0,8.0,78.0,81.0,1.0,,345.0
Problem Solving,15.0,22.0,130.0,7.0,97.0,67.0,,,338.0
Microsoft Office,17.0,22.0,124.0,3.0,87.0,75.0,1.0,1.0,330.0
C,13.0,20.0,127.0,8.0,84.0,68.0,2.0,1.0,323.0
Interest,14.0,18.0,135.0,6.0,69.0,78.0,1.0,,321.0
Logistics,6.0,26.0,126.0,8.0,80.0,72.0,,,318.0
Banking,15.0,28.0,132.0,6.0,76.0,61.0,,,318.0
Negotiation,12.0,14.0,104.0,4.0,82.0,86.0,2.0,,304.0
Law,13.0,16.0,105.0,12.0,84.0,72.0,1.0,,303.0
Accuracy,7.0,17.0,112.0,7.0,101.0,56.0,2.0,,302.0
Property,10.0,22.0,104.0,13.0,76.0,72.0,,,297.0
Graphic Design,12.0,12.0,121.0,14.0,61.0,75.0,,1.0,296.0
Advertising,11.0,17.0,130.0,4.0,62.0,59.0,1.0,2.0,286.0
Business Development,9.0,15.0,112.0,6.0,75.0,60.0,1.0,1.0,279.0
Metals,11.0,17.0,108.0,3.0,77.0,57.0,1.0,1.0,275.0
Image,12.0,16.0,110.0,13.0,78.0,46.0,,,275.0
Hardware,6.0,15.0,115.0,7.0,55.0,72.0,2.0,,272.0
Production Process,13.0,10.0,132.0,7.0,60.0,50.0,,,272.0
Automation,11.0,23.0,124.0,7.0,52.0,49.0,3.0,3.0,272.0
Information Technology,12.0,14.0,110.0,7.0,63.0,63.0,,1.0,270.0
Programming,9.0,16.0,105.0,10.0,67.0,61.0,,1.0,269.0
Policy,9.0,11.0,103.0,5.0,61.0,78.0,,1.0,268.0
Distribution,8.0,14.0,109.0,2.0,69.0,65.0,,,267.0
Human Resource,10.0,17.0,107.0,7.0,71.0,48.0,2.0,,262.0
SQL,6.0,14.0,112.0,9.0,50.0,64.0,1.0,1.0,257.0
Collaboration,12.0,12.0,121.0,7.0,61.0,37.0,1.0,1.0,252.0
List,9.0,19.0,99.0,6.0,76.0,41.0,1.0,1.0,252.0
Chemical,9.0,16.0,96.0,2.0,70.0,56.0,1.0,1.0,251.0
Malay,10.0,19.0,85.0,9.0,61.0,61.0,3.0,2.0,250.0
Insurance,8.0,11.0,96.0,4.0,62.0,63.0,4.0,1.0,249.0
Retail,12.0,14.0,97.0,5.0,68.0,53.0,,,249.0
Ad Design,4.0,19.0,104.0,9.0,61.0,43.0,3.0,,243.0
Preference,10.0,11.0,97.0,2.0,59.0,61.0,2.0,,242.0
Architecture,10.0,12.0,102.0,6.0,59.0,44.0,2.0,1.0,236.0
Culture,11.0,22.0,103.0,3.0,41.0,54.0,,1.0,235.0
Accountancy,9.0,17.0,101.0,10.0,58.0,39.0,,,234.0
Quality Control,8.0,21.0,99.0,3.0,64.0,38.0,,,233.0
AutoCAD,7.0,17.0,98.0,4.0,54.0,49.0,1.0,,230.0
Scheduling,8.0,13.0,102.0,4.0,59.0,40.0,3.0,,229.0
Art,10.0,9.0,97.0,5.0,54.0,53.0,,,228.0
Brand Management,10.0,16.0,81.0,3.0,59.0,55.0,,,224.0
Human Resources (HR),8.0,16.0,89.0,7.0,62.0,40.0,1.0,,223.0
Agile,6.0,15.0,107.0,4.0,46.0,39.0,1.0,1.0,219.0
Project Management,5.0,18.0,84.0,8.0,50.0,47.0,,2.0,214.0
Quality Assurance,8.0,13.0,95.0,6.0,45.0,46.0,,1.0,214.0
Operating Systems,12.0,15.0,86.0,7.0,54.0,38.0,,,212.0
Operating System,12.0,15.0,86.0,7.0,54.0,38.0,,,212.0
Compiler,7.0,13.0,84.0,5.0,58.0,43.0,,1.0,211.0
Analytics,4.0,11.0,103.0,5.0,47.0,38.0,1.0,,209.0
Configuration,6.0,10.0,94.0,2.0,53.0,43.0,1.0,,209.0
Innovation,10.0,14.0,89.0,2.0,40.0,50.0,1.0,,206.0
Translation,8.0,13.0,81.0,7.0,48.0,47.0,,,204.0
Transportation,8.0,17.0,83.0,2.0,53.0,37.0,1.0,,201.0
Sorting,5.0,14.0,72.0,3.0,59.0,45.0,1.0,1.0,200.0
Facebook,3.0,11.0,93.0,3.0,47.0,38.0,4.0,1.0,200.0
Assembly,9.0,16.0,72.0,7.0,50.0,44.0,1.0,1.0,200.0
Coding,6.0,12.0,77.0,2.0,56.0,43.0,,1.0,197.0
Unemployment,5.0,13.0,73.0,8.0,52.0,39.0,,,190.0
Selection,3.0,20.0,69.0,5.0,55.0,37.0,1.0,,190.0
IT Operations,10.0,13.0,90.0,4.0,44.0,27.0,,1.0,189.0
Physical,5.0,15.0,73.0,7.0,46.0,41.0,1.0,1.0,189.0
Closing,10.0,7.0,83.0,7.0,41.0,37.0,,1.0,186.0
Digital Marketing,10.0,10.0,74.0,5.0,41.0,45.0,,,185.0
Digital marketing,10.0,10.0,74.0,5.0,41.0,45.0,,,185.0
Coaching,6.0,14.0,66.0,6.0,48.0,39.0,2.0,1.0,182.0
Internet,8.0,9.0,91.0,1.0,48.0,20.0,,3.0,180.0
Software Development,7.0,5.0,81.0,2.0,44.0,37.0,1.0,,177.0
TIme Management,6.0,17.0,75.0,2.0,52.0,25.0,,,177.0
Expectations,3.0,6.0,66.0,3.0,47.0,50.0,1.0,1.0,177.0
Time Management,6.0,17.0,75.0,2.0,52.0,25.0,,,177.0
Technical Support,1.0,18.0,66.0,3.0,47.0,38.0,2.0,1.0,176.0
Profit,8.0,13.0,60.0,5.0,48.0,40.0,1.0,,175.0
Mechanical Engineering,8.0,15.0,73.0,2.0,39.0,37.0,,,174.0
Procurement,4.0,14.0,61.0,5.0,51.0,37.0,,1.0,173.0
Cooking,6.0,8.0,57.0,1.0,61.0,32.0,1.0,1.0,167.0
Financial Statement,10.0,4.0,66.0,5.0,41.0,39.0,2.0,,167.0
Market Research,8.0,8.0,70.0,2.0,44.0,35.0,,,167.0
Creatio,7.0,12.0,66.0,3.0,38.0,41.0,,,167.0
JavaScript,4.0,7.0,65.0,5.0,44.0,38.0,1.0,1.0,165.0
Teamwork,5.0,14.0,64.0,4.0,37.0,39.0,,,163.0
Marketing Research,8.0,8.0,70.0,2.0,43.0,32.0,,,163.0
Windows,8.0,12.0,67.0,3.0,34.0,35.0,,1.0,160.0
Product Development,1.0,8.0,67.0,2.0,38.0,41.0,,,157.0
Nonverbal Communication,6.0,8.0,74.0,4.0,39.0,25.0,1.0,,157.0
Healthcare,6.0,11.0,67.0,2.0,43.0,26.0,1.0,1.0,157.0
Investment,5.0,4.0,80.0,3.0,36.0,29.0,,,157.0
Ada,11.0,15.0,49.0,,44.0,32.0,2.0,2.0,155.0
Java,4.0,9.0,74.0,5.0,30.0,26.0,2.0,1.0,151.0
Welding,11.0,13.0,63.0,3.0,35.0,24.0,2.0,,151.0
IPython,2.0,9.0,57.0,4.0,41.0,36.0,,,149.0
Python,2.0,9.0,57.0,4.0,41.0,36.0,,,149.0
Fabrication,6.0,13.0,57.0,2.0,43.0,25.0,2.0,,148.0
Electronic Engineering,2.0,10.0,57.0,2.0,32.0,41.0,1.0,1.0,146.0
Editing,7.0,12.0,53.0,4.0,43.0,25.0,,1.0,145.0
Consulting,4.0,8.0,63.0,7.0,40.0,21.0,1.0,1.0,145.0
Electrical Engineering,2.0,13.0,61.0,1.0,27.0,39.0,1.0,1.0,145.0
Creativity,2.0,12.0,63.0,2.0,34.0,30.0,,2.0,145.0
Adobe,3.0,9.0,56.0,6.0,34.0,33.0,,,141.0
SAP,3.0,5.0,59.0,6.0,37.0,26.0,2.0,,138.0
Risk Management,3.0,10.0,58.0,5.0,28.0,33.0,,,137.0
Forecasting,5.0,5.0,51.0,2.0,45.0,28.0,1.0,,137.0
Lean Software Development,7.0,5.0,59.0,2.0,32.0,30.0,1.0,,136.0
Accounts Payable,5.0,5.0,54.0,3.0,29.0,36.0,,,132.0
Account Payable,5.0,5.0,54.0,3.0,29.0,36.0,,,132.0
Statistics,5.0,5.0,47.0,5.0,32.0,36.0,,,130.0
Software Engineering,3.0,8.0,52.0,6.0,30.0,31.0,,,130.0
Router,8.0,9.0,47.0,3.0,31.0,32.0,,,130.0
Interpreter,6.0,6.0,62.0,1.0,32.0,21.0,,,128.0
Business Plan,6.0,6.0,49.0,1.0,34.0,31.0,1.0,,128.0
Networking,2.0,9.0,58.0,,33.0,23.0,2.0,,127.0
Business Process,3.0,7.0,60.0,6.0,26.0,23.0,,,125.0
Plastics,1.0,8.0,53.0,4.0,38.0,18.0,2.0,,124.0
Instagram,1.0,6.0,65.0,3.0,29.0,20.0,,,124.0
Account Receivable,3.0,9.0,53.0,3.0,28.0,26.0,,,122.0
RStudio,4.0,6.0,52.0,4.0,28.0,25.0,,,119.0
Rstudio,4.0,6.0,52.0,4.0,28.0,25.0,,,119.0
Photography,6.0,5.0,53.0,1.0,24.0,25.0,3.0,1.0,118.0
Presenting,4.0,9.0,43.0,1.0,38.0,23.0,,,118.0
Information System,5.0,6.0,43.0,1.0,34.0,27.0,,,116.0
Information Systems,5.0,6.0,43.0,1.0,34.0,27.0,,,116.0
Agile Software Development,6.0,5.0,62.0,2.0,21.0,20.0,,,116.0
Business Administration,4.0,9.0,41.0,2.0,29.0,30.0,,,115.0
Addition,4.0,4.0,60.0,3.0,27.0,16.0,1.0,,115.0
MySQL,1.0,4.0,45.0,3.0,31.0,29.0,,,113.0
Trade,4.0,4.0,51.0,2.0,25.0,26.0,1.0,,113.0
Decision Making,3.0,6.0,46.0,,33.0,22.0,1.0,1.0,112.0
Machine Learning,1.0,5.0,35.0,3.0,30.0,34.0,1.0,1.0,110.0
Hospitality,9.0,7.0,51.0,4.0,22.0,15.0,1.0,,109.0
Balance Sheet,6.0,8.0,40.0,3.0,25.0,25.0,,,107.0
User Experience (UX),5.0,4.0,46.0,2.0,21.0,28.0,,,106.0
Oracle,3.0,6.0,53.0,3.0,16.0,25.0,,,106.0
Modeling,6.0,5.0,40.0,3.0,23.0,28.0,,,105.0
Methodology,5.0,8.0,39.0,6.0,23.0,23.0,1.0,,105.0
Quality Management,4.0,7.0,41.0,2.0,31.0,18.0,,,103.0
Box,,3.0,55.0,3.0,20.0,22.0,,,103.0
PHP,2.0,7.0,34.0,3.0,35.0,21.0,,,102.0
Effective Communication,5.0,9.0,44.0,2.0,28.0,13.0,,,101.0
Protocol,5.0,6.0,38.0,2.0,31.0,18.0,,,100.0
Publishing,3.0,6.0,32.0,7.0,29.0,23.0,,,100.0
R,5.0,4.0,40.0,3.0,28.0,18.0,1.0,,99.0
Dashboard,6.0,9.0,38.0,1.0,21.0,20.0,1.0,,96.0
Saving,5.0,6.0,39.0,,26.0,18.0,1.0,,95.0
Microsoft Excel,3.0,5.0,35.0,6.0,28.0,18.0,,,95.0
Programming Language,3.0,2.0,30.0,1.0,28.0,30.0,,,94.0
Adobe Photoshop,,5.0,41.0,5.0,17.0,26.0,,,94.0
Chart,,7.0,33.0,1.0,24.0,27.0,1.0,1.0,94.0
Objective-C,4.0,2.0,38.0,1.0,28.0,19.0,2.0,,94.0
Software Development Kit (SDK),5.0,5.0,43.0,1.0,21.0,18.0,,,93.0
Microsoft Office 365,4.0,3.0,34.0,1.0,28.0,22.0,,,92.0
Linux,1.0,5.0,40.0,3.0,19.0,23.0,,,91.0
Git,2.0,4.0,29.0,1.0,24.0,31.0,,,91.0
Accounting Software,1.0,5.0,39.0,4.0,21.0,20.0,1.0,,91.0
Office Administration,1.0,8.0,36.0,2.0,25.0,17.0,1.0,,90.0
Automotive,3.0,7.0,39.0,2.0,20.0,19.0,,,90.0
Critical Thinking,1.0,6.0,39.0,3.0,22.0,17.0,1.0,,89.0
Perceptron,6.0,9.0,39.0,2.0,15.0,17.0,,,88.0
Human Resource Management,4.0,8.0,35.0,2.0,31.0,7.0,1.0,,88.0
Software Tool,2.0,6.0,33.0,3.0,20.0,22.0,,1.0,87.0
Economics,1.0,6.0,35.0,2.0,18.0,24.0,,,86.0
Business Operations,3.0,8.0,32.0,1.0,27.0,13.0,1.0,,85.0
Mathematics,2.0,4.0,36.0,3.0,17.0,22.0,,,84.0
Telemarketing,3.0,5.0,33.0,2.0,21.0,19.0,,,83.0
Medium,,5.0,40.0,2.0,20.0,16.0,,,83.0
Azure,4.0,9.0,35.0,2.0,15.0,18.0,,,83.0
Searching,4.0,7.0,30.0,,25.0,17.0,,,83.0
C#,2.0,8.0,35.0,2.0,17.0,18.0,,,82.0
Organizational Skill,2.0,1.0,36.0,1.0,18.0,23.0,,1.0,82.0
Software Development Life Cycle,4.0,4.0,41.0,1.0,20.0,11.0,,,81.0
Telecommunication,2.0,5.0,38.0,,19.0,17.0,,,81.0
Business Analysis,5.0,3.0,39.0,3.0,18.0,12.0,,,80.0
Biology,,3.0,34.0,4.0,24.0,15.0,,,80.0
Management Accounting,4.0,5.0,32.0,5.0,26.0,8.0,,,80.0
Data Analysis,1.0,5.0,34.0,2.0,18.0,18.0,1.0,,79.0
Civil Engineering,1.0,5.0,43.0,1.0,11.0,16.0,,,77.0
Customer Service System,,2.0,37.0,2.0,18.0,17.0,,1.0,77.0
Sports,7.0,3.0,24.0,2.0,21.0,20.0,,,77.0
DevOps,4.0,2.0,35.0,2.0,12.0,19.0,1.0,1.0,76.0
Mechatronics,2.0,7.0,37.0,1.0,12.0,16.0,1.0,,76.0
Kubernetes,2.0,4.0,33.0,2.0,16.0,16.0,1.0,1.0,75.0
Recruiting,1.0,6.0,29.0,1.0,27.0,10.0,1.0,,75.0
Customer Experience,3.0,3.0,25.0,,21.0,23.0,,,75.0
Social Media Platform,3.0,4.0,32.0,1.0,24.0,10.0,,,74.0
Web Application,1.0,3.0,28.0,3.0,24.0,15.0,,,74.0
Shell,2.0,4.0,38.0,2.0,10.0,16.0,1.0,,73.0
History,4.0,6.0,30.0,,22.0,10.0,,,72.0
Machining,4.0,6.0,23.0,1.0,24.0,14.0,,,72.0
Firm,5.0,3.0,30.0,4.0,17.0,13.0,,,72.0
Scripting,6.0,3.0,29.0,2.0,11.0,21.0,,,72.0
Algorithm,2.0,1.0,22.0,1.0,19.0,27.0,,,72.0
Scrum,3.0,5.0,34.0,2.0,14.0,13.0,,,71.0
Twitter,1.0,8.0,34.0,,17.0,9.0,1.0,1.0,71.0
Business Management,3.0,5.0,20.0,3.0,22.0,18.0,,,71.0
Systems Theory,2.0,6.0,25.0,1.0,15.0,22.0,,,71.0
Online Media,2.0,3.0,23.0,6.0,22.0,14.0,,,70.0
Software Development Life Cycle (SDLC),3.0,4.0,34.0,,18.0,10.0,,,69.0
Editor,3.0,5.0,20.0,,23.0,17.0,1.0,,69.0
Calendar,6.0,4.0,25.0,2.0,11.0,21.0,,,69.0
Azure Machine Learning,1.0,3.0,18.0,2.0,20.0,23.0,1.0,,68.0
Scheme,3.0,6.0,24.0,,21.0,14.0,,,68.0
Division,2.0,7.0,31.0,,16.0,10.0,1.0,1.0,68.0
React,3.0,,27.0,3.0,19.0,16.0,,,68.0
Japanese,2.0,9.0,28.0,1.0,17.0,10.0,,,67.0
Data Science,1.0,2.0,16.0,3.0,22.0,22.0,,,66.0
Bookkeeping,1.0,2.0,28.0,2.0,22.0,8.0,1.0,1.0,65.0
Android,4.0,4.0,25.0,1.0,19.0,10.0,1.0,,64.0
Mining,2.0,6.0,22.0,2.0,20.0,6.0,,5.0,63.0
Adobe Illustrator,2.0,5.0,30.0,2.0,9.0,15.0,,,63.0
Public Speaking,4.0,,27.0,1.0,17.0,14.0,,,63.0
Development Tools,,1.0,26.0,2.0,21.0,12.0,1.0,,63.0
Product Knowledge,2.0,3.0,27.0,,13.0,17.0,,,62.0
Docker,2.0,3.0,27.0,2.0,13.0,13.0,1.0,,61.0
Peripheral,2.0,3.0,27.0,,17.0,12.0,,,61.0
Goods and Services,1.0,,25.0,2.0,14.0,19.0,,,61.0
Root Cause Analysis,2.0,4.0,28.0,,13.0,14.0,,,61.0
Computing,2.0,1.0,19.0,2.0,16.0,19.0,1.0,,60.0
Change Management,2.0,1.0,32.0,,17.0,8.0,,,60.0
Online Marketing,1.0,8.0,18.0,1.0,20.0,11.0,,,59.0
Animation,2.0,5.0,23.0,2.0,12.0,15.0,,,59.0
Process Engineering,3.0,5.0,28.0,2.0,13.0,7.0,1.0,,59.0
Blogging,4.0,6.0,28.0,3.0,12.0,5.0,,,58.0
Sampling,2.0,1.0,32.0,,13.0,9.0,,,57.0
Rally,1.0,1.0,34.0,1.0,15.0,4.0,,1.0,57.0
JIRA,,2.0,27.0,,9.0,18.0,,1.0,57.0
Project Planning,2.0,5.0,17.0,,19.0,13.0,,,56.0
Resource Management,3.0,3.0,27.0,,18.0,5.0,,,56.0
Chemical Engineering,2.0,6.0,22.0,1.0,13.0,11.0,,,55.0
Money,1.0,1.0,25.0,2.0,10.0,15.0,,,54.0
Cloud Platform,1.0,4.0,20.0,,14.0,15.0,,,54.0
Bag,2.0,2.0,23.0,3.0,17.0,6.0,,1.0,54.0
NoSQL,1.0,,19.0,3.0,10.0,21.0,,,54.0
Copywriting,4.0,3.0,15.0,,11.0,20.0,,,53.0
Mass Communication,4.0,4.0,19.0,,8.0,17.0,,1.0,53.0
Angular,,,21.0,3.0,15.0,12.0,1.0,,52.0
Software System,5.0,2.0,19.0,1.0,12.0,13.0,,,52.0
Depression,2.0,4.0,16.0,1.0,16.0,13.0,,,52.0
Spark,3.0,2.0,19.0,3.0,15.0,9.0,1.0,,52.0
Clear Communication,2.0,4.0,22.0,1.0,10.0,13.0,,,52.0
Target Audience,1.0,5.0,22.0,3.0,9.0,10.0,1.0,,51.0
Regression,,2.0,16.0,,13.0,20.0,,,51.0
Computer Hardware,,1.0,21.0,1.0,15.0,13.0,,,51.0
GitLab,,5.0,22.0,,15.0,9.0,,,51.0
Motion Graphic Design,1.0,2.0,20.0,1.0,10.0,17.0,,,51.0
Accounting Standards,1.0,2.0,23.0,1.0,16.0,8.0,,,51.0
Ethics,2.0,6.0,22.0,,15.0,6.0,,,51.0
Web Design,1.0,3.0,20.0,2.0,11.0,13.0,,,50.0
Outlook,1.0,3.0,19.0,1.0,13.0,13.0,,,50.0
LinkedIn,,5.0,26.0,,9.0,9.0,1.0,,50.0
Business Strategy,2.0,2.0,11.0,3.0,15.0,17.0,,,50.0
Branding,3.0,4.0,26.0,2.0,6.0,9.0,,,50.0
Competition,1.0,2.0,23.0,,13.0,11.0,,,50.0
Sequence,3.0,2.0,17.0,2.0,14.0,11.0,,,49.0
Visualization,2.0,,24.0,,10.0,13.0,,,49.0
Prototyping,1.0,1.0,19.0,1.0,16.0,10.0,1.0,,49.0
ISO 9001,6.0,2.0,18.0,,13.0,10.0,,,49.0
Aquaculture,1.0,3.0,19.0,2.0,12.0,12.0,,,49.0
Food Science,,4.0,20.0,2.0,16.0,6.0,,,48.0
Content Marketing,1.0,5.0,26.0,,10.0,5.0,1.0,,48.0
Pragmatics,2.0,2.0,18.0,2.0,10.0,14.0,,,48.0
Web Application Development,1.0,4.0,26.0,,9.0,8.0,,,48.0
Swift,1.0,2.0,19.0,2.0,17.0,5.0,1.0,,47.0
Bagging,,2.0,24.0,,12.0,8.0,,,46.0
Links,1.0,5.0,15.0,,14.0,10.0,1.0,,46.0
Electronic and Electrical Engineering,,,18.0,,14.0,12.0,1.0,1.0,46.0
Sketch,2.0,3.0,18.0,1.0,9.0,13.0,,,46.0
Audio,2.0,2.0,19.0,3.0,16.0,4.0,,,46.0
Product Management,1.0,1.0,23.0,,8.0,13.0,,,46.0
Business Model,4.0,1.0,13.0,2.0,16.0,10.0,,,46.0
Gradle,2.0,5.0,26.0,1.0,4.0,7.0,,,45.0
Mapping,1.0,2.0,14.0,1.0,17.0,10.0,,,45.0
Mobile Application Development,1.0,4.0,22.0,,9.0,8.0,,,44.0
Conveyancing,,3.0,18.0,1.0,13.0,9.0,,,44.0
Asset Management,1.0,3.0,20.0,3.0,12.0,5.0,,,44.0
Support Engineering,2.0,,23.0,2.0,11.0,5.0,1.0,,44.0
Product Marketing,4.0,4.0,20.0,1.0,6.0,7.0,2.0,,44.0
LaTeX,1.0,1.0,11.0,1.0,16.0,13.0,,,43.0
Vietnamese,3.0,,22.0,1.0,8.0,9.0,,,43.0
Adminitrative Assistance,1.0,2.0,18.0,1.0,7.0,14.0,,,43.0
Keras,1.0,2.0,13.0,2.0,14.0,10.0,,,42.0
Agriculture,1.0,4.0,15.0,,13.0,7.0,2.0,,42.0
Mariculture,1.0,4.0,15.0,,13.0,7.0,2.0,,42.0
Utility,5.0,3.0,20.0,,7.0,7.0,,,42.0
Big Data,2.0,2.0,13.0,2.0,12.0,10.0,1.0,,42.0
iOS,2.0,2.0,17.0,1.0,11.0,8.0,1.0,,42.0
Email Marketing,2.0,,16.0,2.0,13.0,9.0,,,42.0
Github,2.0,3.0,13.0,,15.0,9.0,,,42.0
Interior Design,1.0,3.0,14.0,,12.0,11.0,,,41.0
Journalism,3.0,5.0,11.0,1.0,7.0,13.0,,1.0,41.0
Music,,3.0,17.0,2.0,13.0,6.0,,,41.0
Reasoning,,3.0,19.0,2.0,10.0,7.0,,,41.0
Manufacturing Engineering,1.0,1.0,18.0,,10.0,11.0,,,41.0
Complexity,2.0,,20.0,,11.0,6.0,,1.0,40.0
Property Maintenance,2.0,2.0,13.0,1.0,8.0,14.0,,,40.0
Real Estate,1.0,3.0,15.0,2.0,12.0,7.0,,,40.0
Transformer,1.0,2.0,18.0,,12.0,7.0,,,40.0
A/B Testing,,1.0,13.0,,9.0,17.0,,,40.0
Technical Documentation,2.0,4.0,19.0,1.0,6.0,7.0,1.0,,40.0
Performance Management,,6.0,17.0,,10.0,7.0,,,40.0
Life Science,1.0,1.0,16.0,1.0,13.0,7.0,,,39.0
Hadoop,1.0,1.0,12.0,2.0,14.0,8.0,1.0,,39.0
Sustainability,2.0,6.0,8.0,,15.0,6.0,1.0,,38.0
Rapid Application Development,1.0,4.0,19.0,,7.0,7.0,,,38.0
Template,,1.0,22.0,,9.0,6.0,,,38.0
Database Management System,,1.0,21.0,3.0,8.0,5.0,,,38.0
jQuery,1.0,1.0,12.0,2.0,9.0,13.0,,,38.0
Risk Analysis,2.0,,15.0,,8.0,12.0,1.0,,38.0
Blockchain,,,15.0,1.0,10.0,11.0,1.0,,38.0
Nutrition,1.0,1.0,16.0,1.0,11.0,6.0,1.0,,37.0
Industrial Relations,,2.0,11.0,1.0,12.0,11.0,,,37.0
Customer Service Systems,,3.0,14.0,3.0,8.0,9.0,,,37.0
Nursing,,1.0,14.0,,15.0,7.0,,,37.0
Airlines,2.0,7.0,13.0,1.0,9.0,4.0,,,36.0
Mechanics,3.0,1.0,13.0,4.0,8.0,7.0,,,36.0
Debugging,,,15.0,2.0,10.0,8.0,,1.0,36.0
Software Design,1.0,4.0,17.0,,6.0,7.0,1.0,,36.0
Korean,,1.0,17.0,1.0,8.0,9.0,,,36.0
Relational Database,1.0,1.0,8.0,1.0,11.0,14.0,,,36.0
ML,1.0,,10.0,2.0,8.0,15.0,,,36.0
Virtualization,1.0,5.0,14.0,,8.0,8.0,,,36.0
Distributed Computing,,1.0,13.0,,8.0,13.0,1.0,,36.0
Microsoft Word,2.0,,15.0,1.0,12.0,6.0,,,36.0
PostgreSQL,1.0,3.0,11.0,1.0,13.0,7.0,,,36.0
Growth Strategy,1.0,3.0,7.0,,17.0,7.0,,,35.0
Network Security,1.0,2.0,15.0,1.0,4.0,11.0,,1.0,35.0
Beaker,2.0,,19.0,1.0,6.0,7.0,,,35.0
PL,2.0,6.0,13.0,,6.0,8.0,,,35.0
Chemistry,1.0,3.0,14.0,3.0,7.0,5.0,,1.0,34.0
Solaris,2.0,,21.0,1.0,6.0,4.0,,,34.0
CMM,1.0,2.0,16.0,3.0,6.0,6.0,,,34.0
Unix,1.0,,26.0,,4.0,2.0,1.0,,34.0
News,,,11.0,4.0,7.0,11.0,1.0,,34.0
Psychology,,1.0,15.0,,7.0,8.0,3.0,,34.0
Artificial Intelligence,,1.0,13.0,1.0,13.0,5.0,1.0,,34.0
Semiconductors,2.0,4.0,11.0,1.0,7.0,9.0,,,34.0
Induction,,4.0,13.0,1.0,11.0,5.0,,,34.0
Vmware,,3.0,13.0,,5.0,12.0,,1.0,34.0
Property Management,,3.0,16.0,2.0,4.0,9.0,,,34.0
Adaptability,1.0,2.0,13.0,2.0,12.0,3.0,,,33.0
Business Acumen,,1.0,18.0,,8.0,6.0,,,33.0
C++,1.0,2.0,12.0,1.0,6.0,11.0,,,33.0
Aesthetics,3.0,1.0,12.0,1.0,8.0,8.0,,,33.0
Client Relations,,2.0,14.0,2.0,9.0,5.0,,,32.0
Google Cloud Platform (GCP),,1.0,10.0,,8.0,13.0,,,32.0
Google Cloud Platform,,1.0,10.0,,8.0,13.0,,,32.0
UX Design,2.0,2.0,15.0,,4.0,9.0,,,32.0
Instrumentation,1.0,1.0,9.0,2.0,9.0,10.0,,,32.0
Graph,1.0,2.0,13.0,,7.0,9.0,,,32.0
Literature,,2.0,11.0,1.0,10.0,7.0,,1.0,32.0
Medicine,2.0,4.0,14.0,,9.0,2.0,,,31.0
Systems Development,1.0,3.0,8.0,3.0,11.0,5.0,,,31.0
CVS,1.0,5.0,11.0,1.0,10.0,2.0,1.0,,31.0
Sales Presentation,,1.0,14.0,2.0,8.0,5.0,1.0,,31.0
Information Systems Security,,3.0,11.0,1.0,8.0,8.0,,,31.0
Accounting and Finance,,1.0,13.0,,11.0,6.0,,,31.0
Customer Relationship Management,2.0,,9.0,,9.0,11.0,,,31.0
Management Consulting,2.0,2.0,10.0,4.0,5.0,8.0,,,31.0
Industrial Engineering,,2.0,17.0,1.0,6.0,4.0,,,30.0
Web Server,,2.0,14.0,2.0,2.0,10.0,,,30.0
PHP Development,,2.0,14.0,1.0,10.0,3.0,,,30.0
Data Science Tool,1.0,,6.0,2.0,8.0,13.0,,,30.0
Wireframes,1.0,,6.0,,11.0,12.0,,,30.0
Web Servers,,2.0,14.0,2.0,2.0,10.0,,,30.0
Social Media Marketing,2.0,2.0,13.0,,8.0,5.0,,,30.0
Entrepreneurship,2.0,1.0,13.0,,11.0,3.0,,,30.0
Kafka,2.0,1.0,10.0,2.0,9.0,4.0,1.0,,29.0
Variable,3.0,1.0,9.0,1.0,7.0,8.0,,,29.0
Business Continuity Planning,2.0,6.0,6.0,,5.0,10.0,,,29.0
Predictive Modeling,1.0,1.0,7.0,,7.0,13.0,,,29.0
Customer Relationship Management (CRM),1.0,,8.0,,9.0,11.0,,,29.0
Therapy,1.0,1.0,12.0,,9.0,5.0,,1.0,29.0
Shortage,1.0,1.0,5.0,1.0,13.0,8.0,,,29.0
Motion Pictures,1.0,2.0,12.0,,5.0,9.0,,,29.0
Outreach,1.0,2.0,9.0,,9.0,7.0,,,28.0
Theatre,1.0,2.0,12.0,,5.0,8.0,,,28.0
Biotechnology,,2.0,11.0,2.0,11.0,1.0,1.0,,28.0
Development Management,1.0,2.0,12.0,,6.0,5.0,,1.0,27.0
Mergers and Acquisitions (M&A),2.0,1.0,11.0,1.0,6.0,6.0,,,27.0
Labour and Employment Law,2.0,2.0,10.0,1.0,7.0,4.0,,,26.0
Terraform,1.0,1.0,13.0,,6.0,4.0,1.0,,26.0
Cold Calling,,,12.0,,7.0,7.0,,,26.0
Social Security,,2.0,10.0,1.0,5.0,8.0,,,26.0
Special Effects,2.0,5.0,9.0,1.0,4.0,5.0,,,26.0
Polish,1.0,4.0,7.0,,8.0,6.0,,,26.0
Laravel,,,13.0,2.0,7.0,4.0,,,26.0
Quality Engineering,,,10.0,,9.0,7.0,,,26.0
Computer Engineering,,1.0,7.0,2.0,5.0,11.0,,,26.0
Cloud Service,1.0,3.0,8.0,1.0,9.0,4.0,,,26.0
Income Statement,,2.0,10.0,2.0,6.0,6.0,,,26.0
Analytical Thinking,,8.0,9.0,,5.0,3.0,,,25.0
System Administration,1.0,2.0,8.0,2.0,6.0,6.0,,,25.0
Sports Engineering,1.0,,12.0,1.0,6.0,4.0,1.0,,25.0
Project Supervision,1.0,,15.0,,4.0,5.0,,,25.0
Variance Analysis,,1.0,10.0,,10.0,4.0,,,25.0
Business Intelligence,1.0,1.0,8.0,2.0,6.0,7.0,,,25.0
Array,,3.0,6.0,,8.0,7.0,,,24.0
Data Management,,,10.0,2.0,6.0,6.0,,,24.0
Google Analytics,1.0,,15.0,,5.0,3.0,,,24.0
Cash Flow Management,1.0,,12.0,1.0,9.0,1.0,,,24.0
Ansible,1.0,1.0,15.0,,3.0,4.0,,,24.0
Supply Chain Risk Management,,1.0,11.0,,9.0,3.0,,,24.0
Optics,1.0,2.0,9.0,,7.0,5.0,,,24.0
International Business,,2.0,8.0,,9.0,5.0,,,24.0
Delegation,,1.0,9.0,,11.0,3.0,,,24.0
Full Stack Software Engineering,,3.0,10.0,1.0,6.0,4.0,,,24.0
Ruby,1.0,2.0,9.0,,7.0,5.0,,,24.0
XML,1.0,2.0,9.0,1.0,7.0,4.0,,,24.0
Poster,1.0,2.0,12.0,,4.0,5.0,,,24.0
Data Capture,,1.0,12.0,2.0,1.0,8.0,,,24.0
Power Management,,1.0,12.0,2.0,1.0,8.0,,,24.0
Textiles,,2.0,9.0,2.0,7.0,4.0,,,24.0
Tensorflow,1.0,,4.0,2.0,6.0,11.0,,,24.0
Scikit-learn,1.0,,4.0,2.0,6.0,11.0,,,24.0
PyTorch,1.0,,4.0,2.0,6.0,11.0,,,24.0
Authentication,1.0,1.0,7.0,,2.0,13.0,,,24.0
Public Relations and Communications,,3.0,9.0,,6.0,6.0,,,24.0
TensorFlow,1.0,,4.0,2.0,6.0,11.0,,,24.0
Brainstorming,1.0,1.0,10.0,2.0,6.0,3.0,,1.0,24.0
Newsletters,1.0,2.0,9.0,1.0,6.0,5.0,,,24.0
Wordpress,1.0,1.0,11.0,,5.0,5.0,,,23.0
WordPress,1.0,1.0,11.0,,5.0,5.0,,,23.0
Financial Analysis,,2.0,10.0,1.0,6.0,4.0,,,23.0
Benchmarking,,2.0,13.0,,6.0,2.0,,,23.0
Physics,1.0,3.0,11.0,2.0,2.0,4.0,,,23.0
Data Visualization,1.0,,13.0,,5.0,4.0,,,23.0
Middleware,2.0,2.0,13.0,,5.0,1.0,,,23.0
Office Management,,2.0,5.0,2.0,11.0,3.0,,,23.0
Bash,,1.0,13.0,,2.0,6.0,,,22.0
Data Structure,1.0,,6.0,,9.0,6.0,,,22.0
Information Security,1.0,,8.0,,4.0,9.0,,,22.0
Lead Generation,,1.0,11.0,2.0,4.0,4.0,,,22.0
Route Management,,3.0,12.0,,4.0,3.0,,,22.0
Video Production,1.0,2.0,7.0,,9.0,3.0,,,22.0
Confluence,,1.0,5.0,,5.0,11.0,,,22.0
eCommerce Platforms,,1.0,14.0,,3.0,4.0,,,22.0
Linker,1.0,2.0,6.0,,6.0,7.0,,,22.0
Cloud Computing,1.0,1.0,6.0,2.0,7.0,4.0,1.0,,22.0
Casting,1.0,,12.0,,4.0,5.0,,,22.0
Pharmacy,1.0,3.0,11.0,,3.0,3.0,,,21.0
Front End,,,9.0,2.0,7.0,2.0,1.0,,21.0
MS SQL Server,,2.0,7.0,2.0,8.0,2.0,,,21.0
Electromechanics,,2.0,9.0,1.0,2.0,7.0,,,21.0
iland,,,9.0,,6.0,6.0,,,21.0
Nice,1.0,,12.0,,4.0,3.0,,,20.0
Radio,,4.0,6.0,1.0,6.0,3.0,,,20.0
Content Management,,,2.0,3.0,5.0,10.0,,,20.0
Ecology,,,8.0,1.0,6.0,5.0,,,20.0
Italian,,3.0,10.0,,5.0,2.0,,,20.0
Automotive Engineering,,2.0,7.0,,6.0,5.0,,,20.0
Graph Database Management System,,,10.0,,5.0,5.0,,,20.0
Source Control,,,11.0,1.0,4.0,4.0,,,20.0
Statistical Model,,1.0,6.0,,5.0,8.0,,,20.0
Responsive Design,1.0,,10.0,,2.0,7.0,,,20.0
Regression Analysis,,1.0,6.0,,4.0,8.0,,,19.0
NP Completeness,1.0,1.0,6.0,1.0,9.0,1.0,,,19.0
Unity,2.0,,8.0,,3.0,6.0,,,19.0
Zoom,,2.0,7.0,1.0,4.0,4.0,,,18.0
Entertainment,,1.0,8.0,,3.0,6.0,,,18.0
Market Research Analysis,,1.0,7.0,,5.0,5.0,,,18.0
Agricultural Science,,2.0,7.0,1.0,4.0,4.0,,,18.0
Team Building,,3.0,8.0,,6.0,1.0,,,18.0
Streaming,1.0,,6.0,2.0,5.0,4.0,,,18.0
Maya,,2.0,6.0,2.0,4.0,4.0,,,18.0
Database Design,1.0,,7.0,3.0,3.0,4.0,,,18.0
Web Analytics,,,11.0,2.0,2.0,3.0,,,18.0
Equity,,,6.0,,2.0,10.0,,,18.0
QA Testing,,,8.0,,4.0,5.0,1.0,,18.0
SketchUp,,2.0,6.0,,7.0,3.0,,,18.0
Incident Management,1.0,1.0,9.0,,5.0,2.0,,,18.0
Spanish,1.0,1.0,9.0,,4.0,2.0,1.0,,18.0
Firewall,2.0,1.0,7.0,,2.0,6.0,,,18.0
Business Ethics,1.0,1.0,7.0,,3.0,6.0,,,18.0
Localization,1.0,,4.0,1.0,6.0,6.0,,,18.0
Data Mining,1.0,2.0,10.0,1.0,2.0,2.0,,,18.0
Newspapers,2.0,1.0,5.0,,6.0,4.0,,,18.0
Apparel,,1.0,9.0,,3.0,4.0,,,17.0
Data Preparation,,1.0,7.0,,4.0,5.0,,,17.0
Product Testing,,,6.0,,7.0,4.0,,,17.0
Online Business,1.0,1.0,3.0,,8.0,4.0,,,17.0
Manufacturing Operations,,1.0,4.0,,10.0,2.0,,,17.0
Web Framework,1.0,,10.0,,4.0,2.0,,,17.0
Computer Vision,1.0,,3.0,2.0,5.0,5.0,,,16.0
Industrial Automation,1.0,3.0,7.0,,1.0,3.0,1.0,,16.0
CISSP,1.0,1.0,4.0,,1.0,9.0,,,16.0
Unix Shell,1.0,,12.0,,1.0,1.0,1.0,,16.0
Graph Database,1.0,,6.0,,3.0,6.0,,,16.0
Configuration Management,2.0,1.0,8.0,,4.0,1.0,,,16.0
Password,,,4.0,,11.0,1.0,,,16.0
Strategic Planning,1.0,,8.0,1.0,6.0,,,,16.0
Corporate Communication,,3.0,7.0,,4.0,2.0,,,16.0
Version Control,,,9.0,1.0,2.0,4.0,,,16.0
Quantitative Research,,1.0,4.0,,4.0,7.0,,,16.0
Tax Accounting,,3.0,10.0,,2.0,1.0,,,16.0
Legal Management,,,9.0,,4.0,3.0,,,16.0
vSphere,,3.0,6.0,,5.0,2.0,,,16.0
Big Data Analysis,,1.0,11.0,,2.0,1.0,1.0,,16.0
Kotlin,1.0,1.0,10.0,,3.0,1.0,,,16.0
Marketing Analytics,2.0,,9.0,,3.0,2.0,,,16.0
Distributed System,2.0,,4.0,,6.0,3.0,1.0,,16.0
Mathematical Modeling,1.0,,4.0,1.0,2.0,8.0,,,16.0
Social Network,,1.0,10.0,,4.0,1.0,,,16.0
Forestry,,2.0,4.0,,6.0,3.0,1.0,,16.0
Load Balancing,,1.0,11.0,,3.0,1.0,,,16.0
Profiling,1.0,2.0,1.0,,8.0,4.0,,,16.0
Bond,,,7.0,,4.0,4.0,,1.0,16.0
Software Architecture,,2.0,3.0,,4.0,7.0,,,16.0
Telephony Application Programming Interface,,2.0,4.0,1.0,7.0,2.0,,,16.0
Performance Application Programming Interface,,2.0,4.0,1.0,7.0,2.0,,,16.0
Messaging Application Programming Interface,,2.0,4.0,1.0,7.0,2.0,,,16.0
Common ISDN Application Programming Interface (CAPI),,2.0,4.0,1.0,7.0,2.0,,,16.0
React Native,,,6.0,,3.0,7.0,,,16.0
Social Information System,,2.0,4.0,1.0,7.0,2.0,,,16.0
Management Information System (MIS),,1.0,6.0,,4.0,5.0,,,16.0
Chatbot,,1.0,4.0,,5.0,6.0,,,16.0
Network Architecture,,2.0,4.0,1.0,7.0,2.0,,,16.0
Application Programming Interface (API),,2.0,4.0,1.0,7.0,2.0,,,16.0
Tracking System,1.0,4.0,5.0,1.0,3.0,1.0,,,15.0
Salesforce,,1.0,7.0,,4.0,3.0,,,15.0
HTML and CSS,,,7.0,1.0,3.0,4.0,,,15.0
Communication and Security,,1.0,10.0,,2.0,2.0,,,15.0
Usability Engineering,,,5.0,,5.0,5.0,,,15.0
Object-Oriented Programming,,,2.0,,4.0,9.0,,,15.0
Object-oriented Programming,,,2.0,,4.0,9.0,,,15.0
Object-Oriented Programming (OOP),,,2.0,,4.0,9.0,,,15.0
Biomaterials Engineering,,5.0,6.0,,2.0,2.0,,,15.0
Commercial Law,1.0,,7.0,,4.0,3.0,,,15.0
Materials Engineering,,5.0,6.0,,2.0,2.0,,,15.0
Structural Engineering,,4.0,4.0,,3.0,4.0,,,15.0
Source Code Managemet,,3.0,4.0,,5.0,2.0,,,14.0
Machine Learning Algorithm,,,3.0,,3.0,8.0,,,14.0
Telecommunications Engineering,,1.0,9.0,,2.0,2.0,,,14.0
Cleanroom,,1.0,5.0,,3.0,5.0,,,14.0
Cost Accounting,,,7.0,,3.0,4.0,,,14.0
Ruby on Rails,1.0,1.0,2.0,,6.0,4.0,,,14.0
Social Media Management,1.0,,5.0,1.0,3.0,4.0,,,14.0
Legal Service,1.0,,7.0,,2.0,3.0,1.0,,14.0
Maintanence,,,10.0,,1.0,2.0,,1.0,14.0
Cisco Router,1.0,2.0,3.0,,3.0,5.0,,,14.0
Performance Review,,1.0,5.0,,3.0,5.0,,,14.0
Annual Report,,,5.0,,5.0,4.0,,,14.0
CouchDB,,,6.0,1.0,2.0,5.0,,,14.0
Apache,1.0,,6.0,2.0,,5.0,,,14.0
Energy Consumption,,2.0,3.0,,6.0,2.0,1.0,,14.0
Population,1.0,,7.0,,3.0,3.0,,,14.0
Tamil,1.0,,6.0,,5.0,2.0,,,14.0
Task Management,1.0,1.0,6.0,1.0,4.0,1.0,,,14.0
Na√Øve Bayes,,,3.0,,3.0,8.0,,,14.0
Food Production,,1.0,3.0,,7.0,3.0,,,14.0
Email Marketing Campaign,,,8.0,2.0,2.0,2.0,,,14.0
Oil and Gas,,2.0,4.0,,7.0,1.0,,,14.0
Process and Methodology,,1.0,7.0,1.0,2.0,3.0,,,14.0
Infrastructure as a Service (IaaS),1.0,1.0,6.0,1.0,4.0,1.0,,,14.0
Xen Cloud Platform,,3.0,4.0,,5.0,2.0,,,14.0
Software Application,,,9.0,1.0,1.0,3.0,,,14.0
Service Management,,1.0,5.0,1.0,4.0,3.0,,,14.0
Source Code Management,,3.0,4.0,,5.0,2.0,,,14.0
Web Development,1.0,3.0,3.0,1.0,1.0,5.0,,,14.0
Indonesian,,,6.0,1.0,2.0,5.0,,,14.0
OpenShift,,2.0,8.0,,2.0,2.0,,,14.0
Control Chart,,1.0,6.0,,4.0,3.0,,,14.0
VOIP,2.0,1.0,5.0,,2.0,4.0,,,14.0
Computing Platform,,,3.0,,3.0,8.0,,,14.0
Financial Risk Management,1.0,2.0,6.0,,1.0,4.0,,,14.0
Decision Tree,,,3.0,,3.0,8.0,,,14.0
Database Application,1.0,1.0,7.0,,1.0,4.0,,,14.0
Burmese,,,6.0,,4.0,3.0,,,13.0
Node.js,,2.0,5.0,1.0,2.0,3.0,,,13.0
Property Information,2.0,,2.0,2.0,4.0,3.0,,,13.0
Oil and Energy,1.0,1.0,3.0,,6.0,2.0,,,13.0
Sales Operations,2.0,2.0,3.0,,3.0,3.0,,,13.0
Tableau,,,7.0,2.0,2.0,2.0,,,13.0
Active Listening,,,6.0,,3.0,3.0,,,12.0
Digital Art,,2.0,5.0,,4.0,1.0,,,12.0
Software Interface,,,5.0,1.0,3.0,3.0,,,12.0
Robotics,,,6.0,,3.0,3.0,,,12.0
Corporate Finance,,1.0,3.0,,7.0,1.0,,,12.0
Bootstrap,,1.0,3.0,1.0,,7.0,,,12.0
SAS Statistical Analysis,3.0,1.0,2.0,,2.0,4.0,,,12.0
Deep Learning,1.0,,3.0,2.0,3.0,3.0,,,12.0
Computer Game,,2.0,4.0,1.0,1.0,4.0,,,12.0
Classfication,,2.0,4.0,,5.0,1.0,,,12.0
Classification,,2.0,4.0,,5.0,1.0,,,12.0
Q-learning,1.0,,1.0,2.0,5.0,3.0,,,12.0
Recreation,,1.0,3.0,,4.0,4.0,,,12.0
Cryptocurrency,,,4.0,,2.0,6.0,,,12.0
Bitbucket,,,3.0,,7.0,2.0,,,12.0
Tcl,1.0,,6.0,,5.0,,,,12.0
Redux,,,3.0,,7.0,2.0,,,12.0
Computer Worm,,2.0,7.0,,2.0,1.0,,,12.0
Commodity,2.0,1.0,2.0,,3.0,4.0,,,12.0
Information Management,,4.0,5.0,,2.0,1.0,,,12.0
Supply and Demand,,,4.0,,3.0,5.0,,,12.0
macOS,2.0,1.0,5.0,,1.0,3.0,,,12.0
Concurrency,,,10.0,,2.0,,,,12.0
PL/SQL,,,9.0,1.0,,1.0,,1.0,12.0
Affliate Marketing,,3.0,3.0,,5.0,1.0,,,12.0
Cybersecurity,,,8.0,,4.0,,,,12.0
Electronic Control Systems,,,4.0,,5.0,3.0,,,12.0
Google Drive,,2.0,6.0,,4.0,,,,12.0
Scripting Language,,1.0,7.0,,1.0,3.0,,,12.0
Sales Management,,,4.0,,6.0,1.0,1.0,,12.0
Data Sharing,1.0,,6.0,,2.0,3.0,,,12.0
Post-Sale Relationship Management,,,7.0,1.0,2.0,2.0,,,12.0
Statistical Analysis,3.0,1.0,2.0,,2.0,4.0,,,12.0
Database Systems,,,3.0,1.0,6.0,2.0,,,12.0
Requirement Analysis,2.0,1.0,3.0,,3.0,2.0,1.0,,12.0
Repetition,1.0,,2.0,,6.0,2.0,,1.0,12.0
Marketing Management,,,3.0,,5.0,3.0,,,11.0
Safari,2.0,,5.0,,2.0,2.0,,,11.0
Steganography,,1.0,4.0,,5.0,1.0,,,11.0
Report Analysis,,,6.0,,2.0,3.0,,,11.0
Informatics,,,6.0,,3.0,2.0,,,11.0
Television,2.0,,4.0,,4.0,1.0,,,11.0
Carpentry,,,2.0,,6.0,3.0,,,11.0
Aviation,,2.0,5.0,,1.0,3.0,,,11.0
Database Administration,,2.0,6.0,,2.0,1.0,,,11.0
Securities,,1.0,3.0,,4.0,2.0,,,10.0
Flowchart,1.0,,2.0,,3.0,4.0,,,10.0
Agile Methodology,,1.0,4.0,,1.0,4.0,,,10.0
Proability,,,6.0,1.0,2.0,1.0,,,10.0
Probability,,,6.0,1.0,2.0,1.0,,,10.0
Dreamweaver,,1.0,6.0,,1.0,2.0,,,10.0
Reverse Engineering,,1.0,3.0,,2.0,4.0,,,10.0
Market Analysis,,,6.0,,3.0,1.0,,,10.0
Uncertainty,,1.0,3.0,,1.0,5.0,,,10.0
Scientific Method,,1.0,6.0,,2.0,1.0,,,10.0
Data Modeling,,1.0,7.0,,1.0,1.0,,,10.0
Financial Management,,,6.0,,3.0,1.0,,,10.0
Wireless Network,1.0,2.0,1.0,,1.0,5.0,,,10.0
Software Testing,,,1.0,,2.0,7.0,,,10.0
Health Psychology,,,5.0,,2.0,3.0,,,10.0
Industrial and Organizational Psychology,,,5.0,,2.0,3.0,,,10.0
Industrial and Organization Psychology,,,5.0,,2.0,3.0,,,10.0
Mathematical Modelling,1.0,,4.0,1.0,1.0,3.0,,,10.0
Cloud Computing Architecture,1.0,,1.0,2.0,3.0,3.0,,,10.0
Behaviour Analysis,,,5.0,,2.0,3.0,,,10.0
Web Application Security,,2.0,5.0,,2.0,1.0,,,10.0
Developmental Psychology,,,5.0,,2.0,3.0,,,10.0
Experimental Psychology,,,5.0,,2.0,3.0,,,10.0
Forensic Psychology,,,5.0,,2.0,3.0,,,10.0
Helath Psychology,,,5.0,,2.0,3.0,,,10.0
Cryptography,,,5.0,,1.0,4.0,,,10.0
Optometry,,,5.0,1.0,4.0,,,,10.0
Philosophy,1.0,3.0,3.0,,1.0,2.0,,,10.0
Correlation,,2.0,1.0,2.0,2.0,3.0,,,10.0
Data Acquisition,1.0,,6.0,,3.0,,,,10.0
Data Cleansing,,,4.0,,4.0,2.0,,,10.0
DevOps Automation Tool,,,4.0,,1.0,4.0,,1.0,10.0
Hive,,,4.0,,4.0,2.0,,,10.0
Geometry,1.0,,5.0,,2.0,2.0,,,10.0
Model Based Reinforcement Learning,1.0,,1.0,2.0,3.0,3.0,,,10.0
Clinical Psychology,,,5.0,,2.0,3.0,,,10.0
SciPy,1.0,,1.0,2.0,3.0,3.0,,,10.0
Forensic Science,,1.0,4.0,,5.0,,,,10.0
Environmental Science,,1.0,4.0,,5.0,,,,10.0
Video Encoding,,,5.0,1.0,4.0,,,,10.0
Google Workspace,,,5.0,,3.0,2.0,,,10.0
Reinforcement Learning,1.0,,1.0,2.0,3.0,3.0,,,10.0
Financial Regulation,1.0,,3.0,,1.0,5.0,,,10.0
Perl,,,5.0,,,5.0,,,10.0
Social Science,,,2.0,,3.0,5.0,,,10.0
Pharmacology,,1.0,4.0,,5.0,,,,10.0
Matplotlib,1.0,,1.0,2.0,3.0,3.0,,,10.0
Database Management Systems,,,5.0,,4.0,1.0,,,10.0
Algebra,1.0,,1.0,2.0,3.0,3.0,,,10.0
NumPy,1.0,,1.0,2.0,3.0,3.0,,,10.0
Drupal,,,5.0,,2.0,3.0,,,10.0
Cloud Database Management System,,,5.0,,4.0,1.0,,,10.0
Cryptogrpahy,,,5.0,,1.0,4.0,,,10.0
Subject Matter Expert (SME),1.0,,4.0,,2.0,2.0,,,9.0
Financial Accounting,,,4.0,,3.0,2.0,,,9.0
Construction Law,,1.0,5.0,,,3.0,,,9.0
Outsourcing,1.0,,3.0,,3.0,2.0,,,9.0
Microbiology,,,4.0,,4.0,,1.0,,9.0
Tax Law,,,5.0,,2.0,2.0,,,9.0
Financial Engineering,1.0,2.0,4.0,1.0,,1.0,,,9.0
Operations Management,1.0,,4.0,,1.0,3.0,,,9.0
Business Intelligence Tool,1.0,1.0,2.0,1.0,2.0,2.0,,,9.0
Hbase,,,3.0,,4.0,1.0,,,8.0
Infographics,,,3.0,,1.0,4.0,,,8.0
Data Security,,,2.0,,,5.0,,1.0,8.0
Needs Analysis,,,3.0,,3.0,2.0,,,8.0
Scala,,,3.0,,4.0,1.0,,,8.0
Educational Psychology,,,2.0,,1.0,3.0,2.0,,8.0
Audio Production,,,3.0,,3.0,2.0,,,8.0
German,,,3.0,,3.0,2.0,,,8.0
Wireframing,,,3.0,,1.0,4.0,,,8.0
Magento,,,6.0,,,2.0,,,8.0
Email Production,,,3.0,,4.0,1.0,,,8.0
Clustering,,,3.0,,,5.0,,,8.0
Computer-aided Design,,,4.0,,2.0,2.0,,,8.0
Marketing Design,,,4.0,,3.0,1.0,,,8.0
Tree,,,4.0,,2.0,2.0,,,8.0
Financial Services,,,6.0,,2.0,,,,8.0
Pascal,,,6.0,,1.0,1.0,,,8.0
Microsoft Access,,,6.0,,1.0,1.0,,,8.0
Forth,,,5.0,,3.0,,,,8.0
Software as a Service (SaaS),,,5.0,,2.0,1.0,,,8.0
Programming Language Theory,2.0,,2.0,,,4.0,,,8.0
Tomcat,,,6.0,,1.0,1.0,,,8.0
Bug Tracking System,,3.0,2.0,,2.0,1.0,,,8.0
Legal Systems,1.0,,3.0,,1.0,3.0,,,8.0
Financial Law,,1.0,1.0,,5.0,1.0,,,8.0
Web Application Framework,,,1.0,,2.0,5.0,,,8.0
Supply Chain Management,,1.0,2.0,,3.0,2.0,,,8.0
Digital Media,,1.0,2.0,1.0,2.0,2.0,,,8.0
Content Management System (CMS),,1.0,2.0,1.0,3.0,1.0,,,8.0
Requirements Gathering,1.0,1.0,1.0,,2.0,2.0,1.0,,8.0
Payment Processing,,1.0,5.0,,1.0,1.0,,,8.0
Wireless Security,1.0,1.0,1.0,,1.0,4.0,,,8.0
Product Roadmap,,3.0,2.0,,3.0,,,,8.0
Data Strucutre,,,1.0,,6.0,1.0,,,8.0
Mathematical Economics,1.0,2.0,3.0,1.0,,1.0,,,8.0
Network Management,1.0,1.0,1.0,,1.0,4.0,,,8.0
International Finance,1.0,,3.0,,3.0,1.0,,,8.0
Business Writing,,2.0,2.0,,2.0,2.0,,,8.0
Marine Engineering,1.0,1.0,1.0,,3.0,2.0,,,8.0
Order Theory,1.0,2.0,3.0,,1.0,1.0,,,8.0
Routing Protocol,1.0,1.0,1.0,,1.0,4.0,,,8.0
Marketing Psychology,,1.0,6.0,,,,1.0,,8.0
Encoding,1.0,,1.0,,2.0,4.0,,,8.0
Storage System,1.0,,4.0,,2.0,1.0,,,8.0
Production Set,,3.0,2.0,,1.0,2.0,,,8.0
Pivot Tables,1.0,,3.0,,1.0,3.0,,,8.0
Loader,,1.0,1.0,1.0,4.0,1.0,,,8.0
WooCommerce,,1.0,3.0,,2.0,2.0,,,8.0
Public Policy,1.0,,3.0,,1.0,3.0,,,8.0
Gender and Sexuality Studies,1.0,,3.0,,1.0,3.0,,,8.0
Build Tool,,1.0,5.0,,1.0,1.0,,,8.0
Pivot Table,1.0,,3.0,,1.0,3.0,,,8.0
Strategic Management,2.0,1.0,,,2.0,3.0,,,8.0
Basic Access Authentication,1.0,1.0,1.0,,1.0,4.0,,,8.0
Investor Relations,,,5.0,,2.0,,,,7.0
Microsoft .NET,,,3.0,,2.0,2.0,,,7.0
Photo Editing,,2.0,4.0,,1.0,,,,7.0
UI Design,,,3.0,,3.0,1.0,,,7.0
Consumer Behaviour,,2.0,4.0,,1.0,,,,7.0
Corporate Law,,,4.0,,3.0,,,,7.0
Culinary Art,,,3.0,,3.0,1.0,,,7.0
Business Intelligence Testing,1.0,1.0,2.0,1.0,2.0,,,,7.0
Email Management,,,3.0,,3.0,1.0,,,7.0
Multi-model Database Management System,,,3.0,,2.0,1.0,,,6.0
Radiology,,,4.0,,,2.0,,,6.0
Key Management,,,4.0,,1.0,1.0,,,6.0
Patient Care,,,2.0,,2.0,2.0,,,6.0
Search Engine Optimization (SEO),1.0,,2.0,,3.0,,,,6.0
Interactive Media,,,4.0,,2.0,,,,6.0
Responsive Web Design,,,2.0,,2.0,2.0,,,6.0
Data Presentation,,,2.0,1.0,2.0,1.0,,,6.0
Enterprise Software,,,4.0,,1.0,1.0,,,6.0
Sustainable Development,,,4.0,,2.0,,,,6.0
Email Client,1.0,,1.0,,2.0,2.0,,,6.0
Working Capital,,,4.0,,1.0,1.0,,,6.0
Vulnerability,,,4.0,,1.0,1.0,,,6.0
Search Enging Marketing,,,4.0,,2.0,,,,6.0
Empathy,,,4.0,,1.0,1.0,,,6.0
Vmware ESXi,,,2.0,,,3.0,,1.0,6.0
Systems Engineering,,,4.0,,1.0,1.0,,,6.0
Encryption,,,4.0,,1.0,1.0,,,6.0
e-business,,,2.0,,2.0,2.0,,,6.0
Applied Mathematics,,,2.0,,2.0,2.0,,,6.0
Goal Tracking System,,3.0,1.0,,2.0,,,,6.0
Social Work,,,2.0,,3.0,1.0,,,6.0
Storage Management,,,2.0,,3.0,1.0,,,6.0
Electronic Materials,,,4.0,,2.0,,,,6.0
Secure Coding,,,2.0,,,3.0,,1.0,6.0
Yii,,,3.0,,2.0,1.0,,,6.0
Operations Research,,,3.0,,2.0,1.0,,,6.0
Investment Banking,,,3.0,,1.0,2.0,,,6.0
Enterprise Resource Planning,1.0,,2.0,,,3.0,,,6.0
Gamification,,,3.0,,2.0,1.0,,,6.0
Key-value Database Management System,,,3.0,,2.0,1.0,,,6.0
Urban Engineering,1.0,,4.0,,1.0,,,,6.0
Facial Recognition,,,3.0,,2.0,1.0,,,6.0
Search Engine Optimization,1.0,,2.0,,3.0,,,,6.0
Syntax,1.0,,4.0,,1.0,,,,6.0
Joomla,,,3.0,,2.0,1.0,,,6.0
Amazon Web Service (AWS),,,3.0,,1.0,2.0,,,6.0
Cloud Application,,,2.0,,2.0,1.0,1.0,,6.0
Storytelling,,,3.0,,,3.0,,,6.0
Microsoft Azure,1.0,,4.0,,1.0,,,,6.0
Mobile Development,1.0,,4.0,,,1.0,,,6.0
Revision Control,1.0,,5.0,,,,,,6.0
Stock Market,,,3.0,,1.0,2.0,,,6.0
Relational Database Management System,,,3.0,,2.0,1.0,,,6.0
Search Enging and Keyword Optimization,1.0,,2.0,,3.0,,,,6.0
Business Analytics,1.0,,3.0,,2.0,,,,6.0
Paid Socia Media Advertisements,,,4.0,,1.0,1.0,,,6.0
Testing Hypothesis,2.0,1.0,,,1.0,2.0,,,6.0
Project Chart,,,2.0,,2.0,2.0,,,6.0
Facilities Engineering,,,4.0,1.0,1.0,,,,6.0
Horticulture,,1.0,2.0,,1.0,2.0,,,6.0
Budget Planning,,2.0,1.0,,1.0,2.0,,,6.0
Liquidation,,,5.0,,1.0,,,,6.0
Property Management Software,,2.0,1.0,,2.0,1.0,,,6.0
Storyboarding,,1.0,2.0,,,3.0,,,6.0
Social Selling,,1.0,2.0,,2.0,1.0,,,6.0
Gecko,,,2.0,,2.0,2.0,,,6.0
Ethernet,1.0,1.0,2.0,,1.0,1.0,,,6.0
Development Studies,,,2.0,,4.0,,,,6.0
Game Development,,,2.0,,4.0,,,,6.0
COBOL,,,4.0,,1.0,1.0,,,6.0
Statutory Law,,1.0,2.0,,2.0,1.0,,,6.0
IP Address,,1.0,2.0,,2.0,1.0,,,6.0
Petty Cash Control,,2.0,3.0,,,1.0,,,6.0
Natural Language Processing,,1.0,2.0,,2.0,1.0,,,6.0
Natural Language Processing (NLP),,1.0,2.0,,2.0,1.0,,,6.0
Natural Language Processing Toolkit (NLTK),,1.0,2.0,,2.0,1.0,,,6.0
Natural Language Processing System,,1.0,2.0,,2.0,1.0,,,6.0
Opera,,1.0,1.0,,1.0,3.0,,,6.0
Regression Testing,,,2.0,,2.0,2.0,,,6.0
Meteorology,,1.0,1.0,1.0,1.0,2.0,,,6.0
Knowledge Management,,1.0,3.0,,2.0,,,,6.0
Market Segmentation,,,2.0,,1.0,3.0,,,6.0
Objection Handling,2.0,1.0,,,3.0,,,,6.0
Unit Cost,2.0,1.0,,,1.0,2.0,,,6.0
Verification And Validation,,2.0,2.0,,2.0,,,,6.0
Fast Ethernet,1.0,1.0,2.0,,1.0,1.0,,,6.0
Global Server Load Balancing,,,4.0,,2.0,,,,6.0
Science and Technology Studies,,,4.0,,1.0,,,1.0,6.0
Talent Management,,,4.0,,2.0,,,,6.0
Electronic Key Management System,,,2.0,2.0,1.0,1.0,,,6.0
Agricultural Production,,,1.0,,2.0,3.0,,,6.0
SAS,,,2.0,,1.0,3.0,,,6.0
Oracle Databases,1.0,,3.0,,1.0,1.0,,,6.0
Professional Training,,,5.0,,1.0,,,,6.0
Property Management System,,2.0,3.0,,1.0,,,,6.0
Maven,,2.0,3.0,,1.0,,,,6.0
Logic,,,4.0,,1.0,1.0,,,6.0
Social Networking Tool,,,4.0,,2.0,,,,6.0
Software Package,,,4.0,,2.0,,,,6.0
Innovation Management,,,4.0,,2.0,,,,6.0
Financial Modeling,,,3.0,,2.0,,,,5.0
Web Scraping,,,4.0,,1.0,,,,5.0
Digital Printing,,,2.0,,2.0,1.0,,,5.0
Contact Manager,,,2.0,1.0,2.0,,,,5.0
Psychometrics,,1.0,1.0,,2.0,1.0,,,5.0
Pediatrics,,,2.0,,2.0,,,,4.0
Sentiment Analysis,,,2.0,,1.0,1.0,,,4.0
Supervised Machine Learning,,,2.0,,1.0,1.0,,,4.0
SPSS,,,1.0,,1.0,2.0,,,4.0
Ajax,,,2.0,,,2.0,,,4.0
Problem Management,,,2.0,,1.0,1.0,,,4.0
Social Psychology,,,,,2.0,2.0,,,4.0
Decision Process,,,2.0,,1.0,1.0,,,4.0
Sociology,,,,,2.0,2.0,,,4.0
PrestaShop,,,2.0,,,2.0,,,4.0
Public Health,,,2.0,,2.0,,,,4.0
Financial Risk,,,,,,4.0,,,4.0
Oracle NoSQL Database,,,2.0,,1.0,1.0,,,4.0
Dash,,,2.0,,1.0,1.0,,,4.0
Signal Processing,,,2.0,,1.0,1.0,,,4.0
Human Machine Interface,,,1.0,1.0,,2.0,,,4.0
Corel Draw,,,2.0,,,2.0,,,4.0
Text Analysis,,,1.0,1.0,2.0,,,,4.0
Proof Theory,,,2.0,,1.0,1.0,,,4.0
Animal Husbandry,,,1.0,,1.0,2.0,,,4.0
Polytron Version Control System (PVCS),,,2.0,,1.0,1.0,,,4.0
Gantt Chart,,,1.0,,1.0,2.0,,,4.0
Extract Transform Load (ETL),,,1.0,,2.0,1.0,,,4.0
Socket,,,1.0,,2.0,1.0,,,4.0
Conceptual Art,,,2.0,,1.0,1.0,,,4.0
Economic Growth,,,1.0,,2.0,1.0,,,4.0
Music Therapy,,,1.0,,2.0,1.0,,,4.0
MATLAB,,,1.0,,1.0,2.0,,,4.0
T-SQL,,,1.0,1.0,,2.0,,,4.0
Wireless LAN,,,2.0,,1.0,1.0,,,4.0
Slack,,,2.0,,1.0,1.0,,,4.0
Financial Statement Analysis,,,2.0,,1.0,1.0,,,4.0
Greenhopper,,,2.0,,1.0,1.0,,,4.0
VersionOne,,,2.0,,1.0,1.0,,,4.0
Microsoft SQL Servers,,,2.0,,,2.0,,,4.0
Visual Studio Code,,,2.0,,,2.0,,,4.0
Microsoft Power BI,,,1.0,2.0,,1.0,,,4.0
Version Control System,,,2.0,,1.0,1.0,,,4.0
Persuasion,,,1.0,,1.0,2.0,,,4.0
Cordova,,,2.0,,1.0,1.0,,,4.0
Visual Studio,,,2.0,,,2.0,,,4.0
Quma Version Control System (QVCS),,,2.0,,1.0,1.0,,,4.0
Red Hat,,,2.0,,1.0,1.0,,,4.0
User Interface Design,1.0,,1.0,,,2.0,,,4.0
Biomedical Engineering,,1.0,1.0,,2.0,,,,4.0
Privacy,,1.0,,,3.0,,,,4.0
Computer Systems Organization,,1.0,2.0,,1.0,,,,4.0
Semantic Analysis,,1.0,,1.0,1.0,1.0,,,4.0
Food Service Operations,,1.0,1.0,,1.0,1.0,,,4.0
Marketing Content Development,,1.0,1.0,,1.0,1.0,,,4.0
Imagine,,1.0,1.0,,1.0,1.0,,,4.0
Jin Chinese,1.0,,,1.0,,2.0,,,4.0
Materials Science,,1.0,2.0,,1.0,,,,4.0
Geography,1.0,,2.0,,,1.0,,,4.0
Mean Shift,,1.0,1.0,,2.0,,,,4.0
French,,1.0,2.0,,,,1.0,,4.0
Systems Management,,1.0,1.0,,,2.0,,,4.0
Polymer Engineering,,1.0,2.0,,1.0,,,,4.0
Torch,1.0,,3.0,,,,,,4.0
Graphic User Interface (GUI),1.0,,1.0,,,2.0,,,4.0
International Financial Reporting Standards (IFRS),1.0,,1.0,,2.0,,,,4.0
Vacuum Engineering,1.0,,2.0,,1.0,,,,4.0
Event Planning,,2.0,,,,2.0,,,4.0
SQLite,,,4.0,,,,,,4.0
Apache Kafka,1.0,,1.0,2.0,,,,,4.0
Microsoft Powerpoint,,,4.0,,,,,,4.0
Stata,,2.0,2.0,,,,,,4.0
Graphical User Interface,1.0,,1.0,,,2.0,,,4.0
Graphical User Interface (GUI),1.0,,1.0,,,2.0,,,4.0
Pattern Recognition,,,2.0,,1.0,1.0,,,4.0
Enterprise System,,,2.0,,1.0,1.0,,,4.0
Mastercam,,,3.0,,1.0,,,,4.0
Application Security,,,3.0,,1.0,,,,4.0
Ubuntu,,,3.0,,,1.0,,,4.0
OpenStack,,,3.0,,,1.0,,,4.0
Web API,,,4.0,,,,,,4.0
Apache Ant,,,4.0,,,,,,4.0
MongoDB,,,4.0,,,,,,4.0
Programming Tool,,,4.0,,,,,,4.0
Performing Art,1.0,1.0,1.0,,,1.0,,,4.0
Microsoft PowerPoint,,,4.0,,,,,,4.0
STATA,,2.0,2.0,,,,,,4.0
Know Your Customer (KYC),,,,,3.0,,,,3.0
Engineering Technology,,,1.0,1.0,1.0,,,,3.0
Architectural Engineering,,,,,2.0,1.0,,,3.0
Business Intelligence (BI),1.0,,1.0,,1.0,,,,3.0
Currency,,,,,3.0,,,,3.0
Agronomy,,2.0,,,,1.0,,,3.0
Ant,,,,,2.0,1.0,,,3.0
Instrumentaion Engineering,,,2.0,,,1.0,,,3.0
Jelastic,,,2.0,,,1.0,,,3.0
Cookies,,,,,2.0,,,,2.0
Principle of Legality,,,,,,2.0,,,2.0
Exploit,,,1.0,,1.0,,,,2.0
Cost-benefit Analysis,,,1.0,,1.0,,,,2.0
IBM DB2,,,,,,2.0,,,2.0
Regional Planning,,,1.0,,1.0,,,,2.0
Socket Programming,,,1.0,,,1.0,,,2.0
Antivirus Software,,,,,,2.0,,,2.0
IBM Cognos Business Intelligence,,,,,,2.0,,,2.0
Adobe Acrobat,,,,,,2.0,,,2.0
Crisis Management,1.0,,,,,1.0,,,2.0
Media Production,,,,,2.0,,,,2.0
Public Relations (PR),1.0,,,,,1.0,,,2.0
Rapport Building,,,,,1.0,1.0,,,2.0
Rent,,,,,1.0,1.0,,,2.0
Process Control System,,,,1.0,,1.0,,,2.0
Ensemble,,,,1.0,1.0,,,,2.0
Storage Systems,1.0,,1.0,,,,,,2.0
Mixed Reality,,,,,2.0,,,,2.0
Hydroponics,,,,,2.0,,,,2.0
Visual Communication,1.0,,,,1.0,,,,2.0
Capacity Utilization,,,2.0,,,,,,2.0
Rehabilitation,,,1.0,,,1.0,,,2.0
Network Service,,,1.0,,,1.0,,,2.0
Cognitive Psychology,,,1.0,,1.0,,,,2.0
Pandas,,,2.0,,,,,,2.0
Product Liability,,,2.0,,,,,,2.0
Derivative,,,2.0,,,,,,2.0
Database Development,,,2.0,,,,,,2.0
Marketing Consulting,1.0,,,,,1.0,,,2.0
Programming Model,,,1.0,,,1.0,,,2.0
Chemical Processing,,,1.0,,1.0,,,,2.0
Google OR-Tools,,,1.0,,1.0,,,,2.0
Design Analysis,,,1.0,,,1.0,,,2.0
Gurobi,,,1.0,,1.0,,,,2.0
CPLEX,,,1.0,,1.0,,,,2.0
Cognitive,,,1.0,,1.0,,,,2.0
Mathematical Programming,,,1.0,,1.0,,,,2.0
Mathematical Logic,1.0,1.0,,,,,,,2.0
Intellectual Property (IP),,,1.0,,1.0,,,,2.0
Intellectual Property Law,,,1.0,,1.0,,,,2.0
Industrial Design,,,1.0,,1.0,,,,2.0
Reliability Engineering,,,2.0,,,,,,2.0
Russian,1.0,,1.0,,,,,,2.0
Information Science,,2.0,,,,,,,2.0
Issue Tracking System,,,1.0,,,1.0,,,2.0
Records Management,,,1.0,,,1.0,,,2.0
Intellectual Property Rights,,,1.0,,1.0,,,,2.0
ISO 9000,,,1.0,,1.0,,,,2.0
Toxicology,,,1.0,,1.0,,,,2.0
Immunology,,,1.0,,1.0,,,,2.0
Cassandra,,,1.0,,,1.0,,,2.0
Complex Analysis,,,1.0,,1.0,,,,2.0
Microsoft Business Intelligence,,,,,,1.0,,,1.0
Oracle SQL Developer,,,,,,1.0,,,1.0
Typography,,,1.0,,,,,,1.0
Embedded System,,,1.0,,,,,,1.0
Microsoft Visio,,,,,,1.0,,,1.0
